{"cameraMode":{"drawMode":0,"name":"Shaded","section":"Shading Mode"},"sceneLighting":true,"audioPlay":false,"sceneViewState":{"m_AlwaysRefresh":false,"showFog":true,"showSkybox":true,"showFlares":true,"showImageEffects":true,"showParticleSystems":true,"showVisualEffectGraphs":true,"m_FxEnabled":true},"in2DMode":false,"pivot":{"x":10.825080871582032,"y":-6.522580146789551,"z":-16.716615676879884},"rotation":{"x":0.07379432767629624,"y":0.9235347509384155,"z":-0.22628852725028993,"w":0.3009061813354492},"size":19.954307556152345,"orthographic":false}